{"cameraMode":{"drawMode":0,"name":"Shaded","section":"Shading Mode"},"sceneLighting":true,"audioPlay":false,"sceneViewState":{"m_AlwaysRefresh":false,"showFog":true,"showSkybox":true,"showFlares":true,"showImageEffects":true,"showParticleSystems":true,"showVisualEffectGraphs":true,"m_FxEnabled":true},"in2DMode":false,"pivot":{"x":2.1594762802124025,"y":4.1648149490356449,"z":-5.749016284942627},"rotation":{"x":-0.21927495300769807,"y":0.053530652076005939,"z":-0.012049663811922074,"w":-0.9741212725639343},"size":1.677988886833191,"orthographic":false}